model,MAE,RMSE,R2
Random Forest,0.0006729158075430494,0.001458404343674815,0.999968981179018
XGBoost,0.001566206233843296,0.0035002022333825438,0.9998213283437523
LSTM,0.03125564381480217,0.06421100410214767,0.9394530653953552
CNN-LSTM,0.040045302361249924,0.06918910759386619,0.929701030254364
Persistence,0.05620555370186609,0.1099923186679169,0.8235611971248569
CNN,0.08809569478034973,0.1666878330429778,0.5919802188873291
