Model,MAE_kW,RMSE_kW,R2
XGBoost,0.013002125557621275,0.029615142927103197,0.9859423640366909
Random Forest,0.012660665714027255,0.030794393551338888,0.9848005477197089
LSTM,0.02946583352381398,0.06354921813158129,0.9357949759969246
CNN-LSTM,0.06186811580171493,0.08918015362565823,0.8735598443828286
Persistence Baseline,0.053662695545642694,0.1031170659488736,0.82905851264506
CNN,0.07293418849536079,0.1077437468724823,0.8154420582352173
